{
    "train": {
        "box_loss": 0.47862,
        "cls_loss": 0.47439,
        "dfl_loss": 1.0082
    },
    "metrics": {
        "precision(B)": 0.5821598589424518,
        "recall(B)": 0.8507630819225023,
        "mAP50(B)": 0.8852172844059254,
        "mAP50-95(B)": 0.6398995174579759
    },
    "val": {
        "box_loss": 1.80736,
        "cls_loss": 2.05958,
        "dfl_loss": 1.48843
    },
    "lr": {
        "pg0": 2.344419000000001e-06,
        "pg1": 2.344419000000001e-06,
        "pg2": 2.344419000000001e-06
    },
    "model": {
        "parameters": 2624080,
        "GFLOPs": 6.614,
        "speed_PyTorch(ms)": 8.062
    },
    "step": 99
}
